Theta,Phi,x,y,z
6.125389,0.377155,0.363701,-0.057872,0.929716
3.643010,0.642264,-0.525273,-0.287925,0.800742
3.137253,1.325551,-0.970069,0.004210,0.242795
1.660843,2.221027,-0.071575,0.792719,-0.605370
2.751512,0.928531,-0.740588,0.304492,0.599011
2.260443,3.137890,-0.002356,0.002856,-0.999993
0.237191,1.437771,0.963414,0.232898,0.132633
0.728469,3.039847,0.075791,0.067618,-0.994828
3.843824,2.757590,-0.285997,-0.241985,-0.927173
1.276460,2.327513,0.210933,0.695825,-0.686538
5.256823,0.982340,0.430817,-0.711538,0.555078
5.907467,2.305832,0.690062,-0.272199,-0.670613
2.308433,0.031391,-0.021108,0.023228,0.999507
2.271542,0.176099,-0.112961,0.133909,0.984535
2.475453,1.706243,-0.779012,0.612296,-0.135033
4.810277,2.797930,0.032929,-0.335324,-0.941527
4.085506,2.030089,-0.525829,-0.725931,-0.443314
5.150543,1.596451,0.424129,-0.905239,-0.025652
2.926754,2.822225,-0.306748,0.066934,-0.949434
5.858174,2.454182,0.578086,-0.261640,-0.772892
0.937840,1.278958,0.566519,0.772190,0.287714
1.354837,1.709410,0.212229,0.967403,-0.138170
5.611724,1.757327,0.769333,-0.611339,-0.185451
3.496583,1.905592,-0.885589,-0.328282,-0.328577
1.738147,1.909743,-0.157094,0.929930,-0.332494
5.233900,1.028101,0.426611,-0.742487,0.516446
4.323059,3.050727,-0.034442,-0.083950,-0.995875
1.252437,0.753374,0.214130,0.649728,0.729385
4.067814,1.418116,-0.593869,-0.790057,0.152087
2.614172,1.819522,-0.837517,0.487818,-0.246169
5.652591,1.186447,0.748751,-0.546607,0.374956
1.265374,2.788181,0.104071,0.330083,-0.938197
0.646955,2.701220,0.340136,0.256942,-0.904593
4.714652,0.807764,0.001636,-0.722742,0.691116
2.611865,0.079962,-0.068929,0.040361,0.996805
4.037872,0.045965,-0.028696,-0.035887,0.998944
2.589439,0.338611,-0.282814,0.174234,0.943217
4.661188,2.599696,-0.026396,-0.515086,-0.856732
6.188554,2.666799,0.455109,-0.043197,-0.889387
0.904531,1.501094,0.616553,0.784227,0.069646
5.488251,0.294172,0.203059,-0.206969,0.957043
1.327748,0.486124,0.112438,0.453471,0.884150
5.954156,2.103074,0.815431,-0.278421,-0.507497
2.206271,3.022399,-0.070581,0.095699,-0.992905
1.306212,0.005343,0.001397,0.005157,0.999986
5.862233,0.714712,0.598184,-0.267816,0.755282
5.536339,2.285958,0.554036,-0.512884,-0.655740
5.186954,3.024048,0.053589,-0.104315,-0.993100
1.567096,2.209034,0.002972,0.803141,-0.595781
3.829924,1.691670,-0.766672,-0.630615,-0.120579
3.223885,0.182915,-0.181281,-0.014952,0.983318
1.320393,2.668442,0.112918,0.441481,-0.890137
0.609264,2.049675,0.727821,0.507892,-0.460784
0.490069,2.317373,0.647624,0.345493,-0.679130
0.473787,1.653793,0.886784,0.454689,-0.082901
2.705327,1.490687,-0.903429,0.421203,0.080024
2.466628,2.344737,-0.558347,0.446883,-0.698959
4.248338,1.103141,-0.399517,-0.798229,0.450794
3.171785,0.866550,-0.761753,-0.023006,0.647459
5.139769,1.871442,0.395897,-0.869235,-0.296137
5.611733,1.929986,0.732955,-0.582421,-0.351516
2.120757,0.880709,-0.403066,0.657475,0.636604
2.184081,2.034144,-0.514871,0.731538,-0.446946
0.061843,0.027980,0.027923,0.001729,0.999609
2.256097,2.433080,-0.411835,0.503795,-0.759331
0.643768,0.060457,0.048327,0.036265,0.998173
0.028843,0.257920,0.254964,0.007356,0.966923
2.388212,1.997085,-0.664106,0.622885,-0.413494
4.637727,0.078144,-0.005823,-0.077847,0.996948
4.766603,1.314714,0.052420,-0.965968,0.253293
1.708752,1.134576,-0.124641,0.897744,0.422517
5.423523,1.376120,0.640364,-0.743311,0.193449
4.456149,0.090254,-0.022843,-0.087188,0.995930
5.620687,0.462776,0.351994,-0.274596,0.894817
4.928614,1.096679,0.190879,-0.868979,0.456553
4.395737,0.954286,-0.254061,-0.775337,0.578191
1.921774,2.872175,-0.091513,0.249943,-0.963926
3.568726,1.103459,-0.812562,-0.369842,0.450511
6.172635,1.097013,0.884416,-0.098173,0.456256
2.567010,0.872678,-0.643040,0.416338,0.642778
5.728143,1.360712,0.831192,-0.515393,0.208542
4.820541,0.100687,0.010850,-0.099930,0.994935
2.316767,0.775504,-0.475131,0.514156,0.714069
1.769783,2.581362,-0.105041,0.520896,-0.847133
2.385226,2.482321,-0.445522,0.420377,-0.790439
2.999158,2.843862,-0.290381,0.041642,-0.956005
3.730533,2.485208,-0.507447,-0.338986,-0.792204
1.089456,0.887950,0.359161,0.687632,0.631004
0.231186,0.185939,0.179951,0.042359,0.982763
3.400630,1.796813,-0.942052,-0.249636,-0.224097
2.539783,0.175184,-0.143669,0.098671,0.984695
4.952175,0.398978,0.092261,-0.377362,0.921458
5.212305,1.604221,0.479084,-0.877133,-0.033418
1.249424,2.205626,0.254329,0.763950,-0.593040
3.957230,3.008120,-0.091212,-0.096902,-0.991106
6.140283,1.469326,0.984716,-0.141684,0.101296
4.817985,0.934169,0.084753,-0.799626,0.594487
5.530940,1.472818,0.726655,-0.680003,0.097822
5.144356,0.958454,0.342589,-0.743138,0.574786
0.478717,3.095108,0.041245,0.021405,-0.998920
4.158860,2.358891,-0.370717,-0.599894,-0.709011
6.020554,1.602324,0.965230,-0.259494,-0.031522
5.387614,2.035062,0.558910,-0.697944,-0.447766
3.006000,0.673787,-0.618223,0.084344,0.781465
2.476362,0.450109,-0.342297,0.268539,0.900400
0.408337,1.715773,0.908154,0.392918,-0.144469
5.563970,1.874266,0.717946,-0.628691,-0.298833
4.307200,2.947073,-0.076196,-0.177644,-0.981141
1.450764,3.095239,0.005549,0.046003,-0.998926
5.953734,2.469303,0.589286,-0.201484,-0.782398
4.870644,1.721744,0.155803,-0.976275,-0.150375
1.301315,1.988120,0.243383,0.881183,-0.405316
3.072367,2.162527,-0.827989,0.057410,-0.557798
1.104055,0.756234,0.308769,0.612792,0.727425
1.495401,0.704799,0.048801,0.646040,0.761742
5.998046,0.707711,0.623847,-0.182866,0.759852
2.146409,2.497502,-0.326866,0.503711,-0.799646
3.193756,2.448023,-0.638417,-0.033332,-0.768969
4.089146,0.272209,-0.156926,-0.218311,0.963179
4.565556,2.400654,-0.098754,-0.667717,-0.737835
0.400461,0.769620,0.640807,0.271277,0.718175
4.765286,0.609849,0.030282,-0.571942,0.819735
5.145162,1.787787,0.409555,-0.886518,-0.215292
1.635637,1.699547,-0.064259,0.989639,-0.128395
3.749595,2.237036,-0.645266,-0.449072,-0.618034
4.126288,0.209143,-0.114839,-0.172971,0.978209
0.716022,0.056624,0.042695,0.037147,0.998397
3.227242,1.188847,-0.924538,-0.079380,0.372730
0.468553,2.736065,0.351985,0.178156,-0.918894
3.947023,1.463560,-0.688821,-0.716986,0.107031
6.028886,2.466408,0.604940,-0.157240,-0.780591
3.138660,3.099206,-0.042374,0.000124,-0.999102
4.427674,1.025532,-0.240153,-0.820570,0.518644
0.160890,0.618479,0.572309,0.092882,0.814761
2.180855,2.992331,-0.085197,0.121883,-0.988881
5.134949,0.551063,0.214724,-0.477539,0.851968
0.677152,0.343152,0.262221,0.210816,0.941699
1.820669,2.715890,-0.102117,0.400136,-0.910749
5.150916,0.681672,0.267541,-0.570472,0.776520
4.235600,1.271480,-0.438524,-0.848970,0.294867
2.928018,0.810649,-0.708268,0.153611,0.689028
4.633661,0.027356,-0.002151,-0.027268,0.999626
1.847300,1.125001,-0.246314,0.867996,0.431175
0.080257,3.080677,0.060682,0.004881,-0.998145
3.966553,0.880385,-0.523179,-0.566304,0.636854
2.740541,2.485198,-0.561841,0.238239,-0.792197
4.859150,0.928203,0.117067,-0.791938,0.599274
5.089426,1.276913,0.352382,-0.889898,0.289671
3.299694,3.139651,-0.001917,-0.000306,-0.999998
0.919686,2.757190,0.227279,0.298284,-0.927023
3.293718,2.479412,-0.607738,-0.093172,-0.788653
5.996307,2.339678,0.689317,-0.203360,-0.695332
3.788181,0.987456,-0.666152,-0.502836,0.550815
1.989729,1.036049,-0.349997,0.785993,0.509624
0.767891,0.546182,0.373665,0.360805,0.854514
1.832888,2.924920,-0.055702,0.207640,-0.976618
1.133317,0.171164,0.072161,0.154288,0.985387
0.734048,0.814527,0.540073,0.487272,0.686213
5.989290,2.655687,0.446986,-0.135285,-0.884252
3.793994,0.122774,-0.097315,-0.074349,0.992473
0.056874,0.163034,0.162050,0.009226,0.986739
1.632271,0.531755,-0.031151,0.506089,0.861919
4.268711,2.228367,-0.339754,-0.714847,-0.611196
3.297021,0.221964,-0.217492,-0.034079,0.975467
0.986786,1.828152,0.533215,0.806783,-0.254525
5.073442,3.007362,0.047276,-0.125199,-0.991005
4.017945,1.367473,-0.626776,-0.752581,0.201925
4.083345,1.203803,-0.549193,-0.754746,0.358811
2.758492,2.241597,-0.726541,0.292805,-0.621613
4.257039,1.448964,-0.436517,-0.891450,0.121531
0.547100,1.173086,0.787379,0.479610,0.387309
3.404603,3.059249,-0.079422,-0.021384,-0.996612
4.541603,2.920090,-0.037339,-0.216500,-0.975568
0.482773,0.936932,0.713657,0.374057,0.592263
5.493970,1.822568,0.682194,-0.687423,-0.249120
2.077634,1.240196,-0.459129,0.826939,0.324611
2.556196,0.717613,-0.548096,0.363337,0.753377
0.188227,2.846054,0.286111,0.054499,-0.956645
5.464128,1.450030,0.677936,-0.725182,0.120473
4.527030,1.333808,-0.179148,-0.955398,0.234776
5.901451,0.404244,0.365013,-0.146525,0.919400
2.907683,0.582037,-0.534756,0.127417,0.835345
5.337771,1.101027,0.521991,-0.722914,0.452681
3.411139,2.256188,-0.746217,-0.206157,-0.632977
5.295403,1.059103,0.480027,-0.727882,0.489655
0.473995,2.155864,0.741764,0.380526,-0.552256
4.462623,2.686073,-0.108740,-0.426278,-0.898033
4.699879,0.702939,-0.008087,-0.646412,0.762946
0.896714,0.779684,0.438833,0.549282,0.711136
2.475318,2.586654,-0.414205,0.325651,-0.849933
1.677119,2.052053,-0.094068,0.881409,-0.462893
3.975759,2.916468,-0.149963,-0.165353,-0.974766
1.383878,1.199350,0.173158,0.915573,0.362963
2.792836,2.899467,-0.225333,0.081936,-0.970830
4.113929,1.199085,-0.524896,-0.769780,0.363211
0.964733,2.535083,0.324695,0.468484,-0.821642
2.380465,2.966597,-0.126062,0.120086,-0.984727
5.077670,2.724869,0.144588,-0.378062,-0.914420
0.412322,1.804139,0.891363,0.389878,-0.231231
5.846921,2.850457,0.260155,-0.121291,-0.957918
4.519535,2.937655,-0.038816,-0.198772,-0.979277
1.525565,2.064436,0.039818,0.879713,-0.473834
4.543333,2.205563,-0.135478,-0.793731,-0.592990
6.039819,0.133557,0.129236,-0.032088,0.991095
4.753258,0.230676,0.009342,-0.228444,0.973512
0.059593,0.619761,0.579809,0.034593,0.814018
4.968041,2.558553,0.139224,-0.532670,-0.834793
4.273817,0.399687,-0.165243,-0.352303,0.921183
1.177541,0.450966,0.167011,0.402566,0.900026
3.678118,1.279577,-0.823301,-0.489630,0.287120
1.919660,0.625810,-0.200228,0.550469,0.810489
1.407452,2.649688,0.076806,0.466018,-0.881435
5.284537,1.459275,0.538076,-0.835517,0.111291
2.257879,0.993336,-0.531437,0.647743,0.545898
2.886805,2.237110,-0.760727,0.198130,-0.618092
3.819935,2.677370,-0.348607,-0.280951,-0.894170
2.192556,2.056182,-0.515188,0.718966,-0.466550
4.531037,0.219820,-0.039328,-0.214478,0.975937
5.845263,2.003413,0.822200,-0.384991,-0.419248
4.817390,0.448437,0.045440,-0.431170,0.901126
3.231504,2.258121,-0.769824,-0.069403,-0.634472
3.385715,0.156586,-0.151323,-0.037693,0.987765
4.993006,0.768647,0.192524,-0.667972,0.718852
0.965347,1.691420,0.564996,0.816272,-0.120331
3.621274,0.346504,-0.301284,-0.156730,0.940566
3.951906,2.718655,-0.282905,-0.297366,-0.911887
2.227254,0.735407,-0.409453,0.531451,0.741558
0.610633,1.613225,0.818548,0.572870,-0.042416
2.947679,0.406864,-0.388315,0.076258,0.918366
0.756349,1.019322,0.619520,0.584533,0.523944
3.315076,2.649514,-0.465367,-0.081553,-0.881353
3.953952,0.032403,-0.022282,-0.023517,0.999475
4.386471,1.347135,-0.312203,-0.923760,0.221801
3.325562,1.960351,-0.909468,-0.169227,-0.379777
4.728026,2.713565,0.006490,-0.415026,-0.909786
2.929849,0.232259,-0.225035,0.048375,0.973149
5.885418,3.119493,0.020373,-0.008560,-0.999756
2.215242,2.108695,-0.515921,0.686542,-0.512333
2.998237,2.717096,-0.407637,0.058841,-0.911246
5.886446,0.951619,0.751102,-0.314677,0.580366
5.690218,1.227950,0.781023,-0.526302,0.336169
5.862655,0.492669,0.431769,-0.193091,0.881074
2.463038,0.982442,-0.647583,0.522129,0.554993
5.253884,1.675969,0.512569,-0.852204,-0.104979
1.323517,0.537629,0.125346,0.496524,0.858925
1.712001,0.881898,-0.108641,0.764264,0.635687
1.668087,2.364919,-0.068084,0.697596,-0.713249
6.233836,2.424615,0.656309,-0.032415,-0.753795
3.152624,2.693996,-0.432773,-0.004774,-0.901490
5.444046,1.503313,0.666583,-0.742375,0.067432
3.059219,2.209834,-0.799948,0.066044,-0.596423
0.823346,1.754343,0.668353,0.721104,-0.182518
3.190062,0.131938,-0.131401,-0.006374,0.991309
0.549620,1.028528,0.730392,0.447425,0.516080
2.544957,0.531011,-0.418914,0.284530,0.862296
1.149455,1.377259,0.401349,0.895504,0.192332
3.339023,2.606058,-0.500387,-0.100096,-0.859996
0.365533,0.533746,0.475150,0.181855,0.860907
0.648903,1.513254,0.795429,0.603312,0.057511
0.210449,1.878995,0.931858,0.199056,-0.303343
1.168159,2.417032,0.259718,0.609802,-0.748791
2.332247,1.754776,-0.678328,0.711620,-0.182944
1.037344,2.155366,0.424071,0.718078,-0.551840
5.156585,2.016482,0.387754,-0.814751,-0.431077
3.096751,1.701249,-0.990506,0.044446,-0.130083
0.990948,2.964217,0.096675,0.147606,-0.984310
2.595948,0.076071,-0.064962,0.039441,0.997108
1.710650,1.748232,-0.137209,0.974689,-0.176506
2.976371,0.940090,-0.796613,0.132829,0.589715
5.629504,0.463209,0.354709,-0.271718,0.894623
4.040685,2.248562,-0.484773,-0.609753,-0.627054
4.144818,0.615596,-0.310426,-0.486907,0.816429
5.318589,1.775983,0.557797,-0.804580,-0.203750
4.176525,0.205590,-0.104233,-0.175529,0.978941
3.550640,0.660140,-0.562636,-0.243902,0.789906
4.563698,1.160877,-0.135870,-0.907033,0.398536
1.603600,2.942386,-0.006490,0.197785,-0.980224
3.002658,0.321376,-0.312828,0.043745,0.948802
1.352409,2.965007,0.038060,0.171497,-0.984449
2.273164,1.036863,-0.556107,0.657071,0.508923
4.697603,1.168322,-0.013604,-0.919994,0.391696
5.440735,2.960552,0.119850,-0.134369,-0.983657
3.756148,2.835638,-0.246092,-0.173673,-0.953560
3.470278,2.757422,-0.354726,-0.120982,-0.927110
3.324844,2.216176,-0.785495,-0.145576,-0.601502
4.501889,2.155689,-0.174216,-0.815367,-0.552110
1.543457,0.120796,0.003294,0.120457,0.992713
0.196652,1.195682,0.912532,0.181801,0.366379
2.813760,2.596792,-0.490647,0.166872,-0.855230
0.254524,2.564900,0.527688,0.137287,-0.838270
0.502834,2.366487,0.613171,0.337237,-0.714347
4.886609,1.286225,0.166368,-0.945253,0.280746
0.527731,0.537481,0.442321,0.257817,0.859001
1.666027,2.566519,-0.051717,0.541432,-0.839152
6.039556,0.011424,0.011086,-0.002756,0.999935
5.793273,1.346887,0.860347,-0.458802,0.222043
0.600799,0.569975,0.445117,0.305043,0.841914
3.412994,0.745709,-0.653657,-0.181891,0.734607
4.434726,1.953906,-0.254238,-0.891982,-0.373806
2.161781,0.758005,-0.383046,0.570873,0.726209
2.135272,2.165763,-0.443047,0.699693,-0.560481
1.449942,2.255614,0.093378,0.768885,-0.632531
6.191511,1.283351,0.954944,-0.087790,0.283504
1.702233,2.425998,-0.085983,0.650407,-0.754703
4.239495,2.236482,-0.358220,-0.700179,-0.617599
2.453278,2.735156,-0.305327,0.251133,-0.918535
3.764253,2.250065,-0.632019,-0.453747,-0.628224
1.001355,2.165282,0.446661,0.697711,-0.560083
5.257102,0.312282,0.159199,-0.262767,0.951635
3.301914,1.222302,-0.927835,-0.150040,0.341483
4.904766,2.466139,0.119543,-0.613717,-0.780423
0.415130,2.987695,0.140271,0.061824,-0.988181
1.604724,2.747330,-0.013030,0.383907,-0.923280
4.111473,2.027048,-0.507564,-0.740448,-0.440586
2.056514,0.397143,-0.180568,0.342050,0.922170
5.854524,1.659657,0.905934,-0.414014,-0.088744
2.630465,0.454977,-0.383278,0.214958,0.898271
1.743098,2.084199,-0.149347,0.858180,-0.491144
1.996783,0.720732,-0.272698,0.600958,0.751323
3.448694,2.233258,-0.751591,-0.238355,-0.615060
1.428611,2.486581,0.086323,0.603021,-0.793041
5.797154,0.822481,0.647969,-0.342323,0.680405
2.846059,1.422492,-0.946146,0.288054,0.147762
3.355806,2.241195,-0.765664,-0.166572,-0.621299
3.905909,1.023466,-0.616405,-0.590947,0.520410
3.971327,0.515692,-0.332903,-0.363813,0.869952
1.912892,0.939791,-0.270864,0.760647,0.589956
2.003764,1.632436,-0.418769,0.906001,-0.061601
2.973546,2.190215,-0.802747,0.136183,-0.580562
1.559608,1.633522,0.011166,0.997971,-0.062684
2.969888,2.759553,-0.367332,0.063700,-0.927906
2.631883,0.024814,-0.021657,0.012106,0.999692
0.764595,2.594917,0.375156,0.359864,-0.854258
1.636119,2.738818,-0.025586,0.391137,-0.919977
3.369995,2.571522,-0.525675,-0.122198,-0.841863
1.587865,0.400150,-0.006649,0.389499,0.921003
2.209071,2.537572,-0.338394,0.456139,-0.823059
2.572537,0.512452,-0.413047,0.264200,0.871545
2.348477,1.837586,-0.676807,0.687334,-0.263636
3.185172,2.695304,-0.431211,-0.018804,-0.902055
3.342630,2.067515,-0.861445,-0.175554,-0.476543
5.329953,2.834721,0.174918,-0.246282,-0.953283
1.576027,1.097531,-0.004656,0.890072,0.455796
5.885319,0.218619,0.199941,-0.084031,0.976198
4.637617,0.547967,-0.038916,-0.519497,0.853586
2.174349,0.496727,-0.270476,0.392356,0.879147
5.107841,1.441044,0.381987,-0.915065,0.129388
2.586122,2.726361,-0.342751,0.212731,-0.915023
1.571067,1.776620,-0.000265,0.978893,-0.204373
6.047539,1.420928,0.961464,-0.230854,0.149308
1.046039,0.893685,0.390475,0.674516,0.626544
0.925631,0.764191,0.416093,0.552871,0.721942
0.167219,0.979164,0.818454,0.138151,0.557716
2.062467,2.604752,-0.241443,0.450843,-0.859329
4.791933,0.889617,0.061727,-0.774374,0.629709
0.327585,2.507393,0.561023,0.190652,-0.805546
6.132742,0.594444,0.553722,-0.083938,0.828460
6.170311,0.110510,0.109584,-0.012422,0.993900
3.503253,0.420366,-0.381695,-0.144395,0.912940
5.797226,1.505726,0.882356,-0.466068,0.065025
4.329042,1.480213,-0.372494,-0.923616,0.090460
4.502877,1.998525,-0.189245,-0.890013,-0.414805
2.697152,1.942890,-0.841067,0.400531,-0.363567
2.917389,1.059262,-0.850170,0.193870,0.489516
4.616822,0.847332,-0.071520,-0.746097,0.661985
4.259092,2.689667,-0.191244,-0.392596,-0.899608
0.849691,0.986159,0.550561,0.626332,0.551897
2.484504,0.778626,-0.556064,0.428976,0.711880
2.971790,1.260702,-0.938609,0.160928,0.305148
2.163550,0.047029,-0.026263,0.038991,0.998894
4.514616,2.988110,-0.030039,-0.149901,-0.988245
1.682609,0.170353,-0.018916,0.168472,0.985525
3.248309,2.625311,-0.490842,-0.052581,-0.869661
2.405607,2.799684,-0.248504,0.225084,-0.942116
4.799628,2.718816,0.035748,-0.408734,-0.911953
5.548348,0.905677,0.583790,-0.527552,0.617153
0.688001,1.588967,0.772389,0.634889,-0.018169
0.097309,3.057237,0.083857,0.008186,-0.996444
3.436726,2.163844,-0.793388,-0.241199,-0.558891
3.162962,0.941309,-0.808145,-0.017273,0.588730
5.671536,2.336843,0.590004,-0.413815,-0.693291
3.334228,2.785575,-0.342097,-0.066727,-0.937292
4.391460,2.348685,-0.224724,-0.676024,-0.701777
4.537441,1.101957,-0.155275,-0.878476,0.451851
0.876949,1.520130,0.638679,0.767805,0.050645
4.064772,1.298639,-0.581082,-0.768170,0.268810
4.386455,2.386033,-0.219556,-0.649596,-0.727888
0.683968,1.740827,0.763895,0.622762,-0.169213
4.750839,2.932360,0.007984,-0.207555,-0.978191
2.711332,2.737515,-0.357336,0.163995,-0.919465
0.505006,0.375976,0.321346,0.177647,0.930150
5.293499,0.038399,0.021074,-0.032088,0.999263
3.923136,1.250742,-0.673781,-0.668606,0.314618
4.085307,1.458628,-0.583097,-0.804655,0.111933
2.724995,2.678895,-0.408187,0.180622,-0.894852
3.676985,0.472467,-0.391404,-0.232174,0.890448
4.562354,0.192906,-0.028656,-0.189558,0.981451
1.845981,1.753725,-0.267191,0.946318,-0.181910
1.616666,2.606157,-0.023395,0.509679,-0.860046
6.175814,2.890651,0.246886,-0.026611,-0.968679
1.255997,1.928823,0.289992,0.890565,-0.350426
3.283662,1.152445,-0.904554,-0.129381,0.406254
1.402654,1.080726,0.147654,0.869857,0.470688
4.119968,0.302759,-0.166481,-0.247347,0.954517
1.679905,0.620265,-0.063294,0.577795,0.813724
1.422919,2.773274,0.053049,0.356118,-0.932934
1.621217,2.141603,-0.042410,0.840396,-0.540311
2.432054,3.135531,-0.004598,0.003949,-0.999982
2.208008,2.218897,-0.474318,0.640781,-0.603674
0.760215,2.737512,0.284928,0.270927,-0.919464
5.164854,0.042760,0.018688,-0.038445,0.999086
4.953528,2.697087,0.102691,-0.417570,-0.902823
2.446413,2.170364,-0.633995,0.528803,-0.564285
2.310480,1.966020,-0.622092,0.681737,-0.385015
5.321891,0.953061,0.466664,-0.668403,0.579191
4.873663,1.143637,0.146147,-0.898336,0.414287
5.365883,3.091549,0.030412,-0.039716,-0.998748
4.463827,1.782405,-0.240523,-0.947647,-0.210033
4.738785,1.881597,0.025128,-0.951757,-0.305821
2.346108,0.330315,-0.227019,0.231646,0.945940
1.203257,1.391770,0.353577,0.918299,0.178071
2.280635,2.193323,-0.529456,0.616184,-0.583090
2.753237,0.065556,-0.060631,0.024806,0.997852
2.132502,1.319203,-0.515862,0.819702,0.248948
5.548446,0.096261,0.071316,-0.064433,0.995371
1.755627,0.442879,-0.078757,0.421243,0.903522
0.328358,0.951530,0.770799,0.262604,0.580438
3.601531,2.076681,-0.783843,-0.388293,-0.484581
4.435239,0.495898,-0.130192,-0.457664,0.879542
1.000246,2.232665,0.426051,0.663895,-0.614592
0.227315,1.709287,0.964947,0.223205,-0.138049
0.512712,0.152621,0.132481,0.074577,0.988376
3.305836,2.170140,-0.814594,-0.135008,-0.564101
0.160148,1.448717,0.979857,0.158277,0.121776
3.005637,0.465239,-0.444496,0.060807,0.893715
3.886822,0.368604,-0.264806,-0.244343,0.932831
0.286555,1.011758,0.813197,0.239620,0.530371
2.386957,0.001145,-0.000834,0.000785,0.999999
5.457511,1.952189,0.629341,-0.682193,-0.372213
2.543891,0.815010,-0.601567,0.409527,0.685861
4.458198,1.526414,-0.251215,-0.966914,0.044367
3.932858,0.731290,-0.469449,-0.474990,0.744313
2.614309,3.061693,-0.068974,0.040162,-0.996810
1.354484,2.623299,0.106327,0.483854,-0.868666
0.289320,1.043359,0.828186,0.246528,0.503321
4.058815,2.351898,-0.431783,-0.563790,-0.704062
5.052569,2.676290,0.149709,-0.422981,-0.893686
3.428774,0.400243,-0.373684,-0.110366,0.920966
5.594164,1.985950,0.706302,-0.581775,-0.403330
0.971259,1.707901,0.558966,0.817849,-0.136676
1.465993,1.753343,0.102873,0.977989,-0.181534
0.525339,1.570985,0.865154,0.501507,-0.000189
3.016016,0.132092,-0.130671,0.016496,0.991289
5.373169,0.108640,0.066545,-0.085604,0.994105
1.392289,1.689668,0.176308,0.977165,-0.118592
2.167669,1.945033,-0.523157,0.769851,-0.365562
6.246871,1.966837,0.921987,-0.033496,-0.385768
2.181513,0.685726,-0.363132,0.518770,0.773959
0.195961,0.064915,0.063628,0.012631,0.997894
0.168290,2.075786,0.862815,0.146590,-0.483798
1.588438,0.699521,-0.011358,0.643751,0.765151
2.157555,1.550302,-0.553549,0.832565,0.020493
3.767096,1.093830,-0.720191,-0.520158,0.459086
3.814173,0.201614,-0.156640,-0.124758,0.979745
0.597529,2.905417,0.193443,0.131641,-0.972240
5.338599,1.645807,0.584430,-0.807976,-0.074940
1.224448,0.015747,0.005345,0.014811,0.999876
0.273860,0.992974,0.806438,0.226543,0.546201
1.302082,0.763467,0.183569,0.666617,0.722443
4.719761,2.761164,0.002737,-0.371308,-0.928506
4.902228,1.890119,0.179161,-0.932391,-0.313923
1.315639,2.638917,0.121598,0.466174,-0.876297
1.733848,1.367838,-0.158998,0.966483,0.201567
3.924954,0.165967,-0.117056,-0.116580,0.986259
3.405744,1.812538,-0.937245,-0.253498,-0.239394
5.806047,1.244462,0.841431,-0.435002,0.320573
2.903339,0.468799,-0.439052,0.106631,0.892112
4.721949,0.294008,0.002770,-0.289777,0.957090
3.347193,1.886621,-0.930521,-0.194057,-0.310600
3.520982,1.411876,-0.917186,-0.365686,0.158252
2.278085,1.430372,-0.643379,0.752644,0.139963
1.067721,1.159097,0.441837,0.802899,0.400167
0.165281,0.156871,0.154099,0.025704,0.987721
4.765019,0.952321,0.042861,-0.813635,0.579794
1.268154,2.569716,0.161304,0.516614,-0.840887
3.966683,2.785243,-0.236695,-0.256272,-0.937177
0.430700,2.778374,0.322838,0.148334,-0.934758
3.908611,2.267232,-0.552323,-0.532384,-0.641487
5.937861,0.842511,0.702258,-0.252630,0.665591
5.021391,2.887074,0.076568,-0.239854,-0.967785
1.026720,1.056054,0.450553,0.744736,0.492311
5.241543,0.330956,0.164035,-0.280506,0.945732
2.579116,1.871288,-0.808031,0.509387,-0.295990
0.191968,0.131099,0.128322,0.024941,0.991419
2.871458,0.993478,-0.807542,0.223611,0.545778
4.753424,0.574499,0.022293,-0.542957,0.839465
5.817669,1.272329,0.854083,-0.429039,0.294056
2.226268,0.729557,-0.406278,0.528406,0.745470
3.861927,1.694627,-0.745830,-0.654585,-0.123514
5.595802,0.954116,0.630541,-0.517641,0.578330
2.274546,2.815926,-0.207028,0.243930,-0.947438
4.072682,2.876736,-0.156267,-0.210011,-0.965130
4.778518,1.768548,0.064793,-0.978368,-0.196465
3.881534,1.004911,-0.623386,-0.569139,0.536163
2.613399,1.577706,-0.863698,0.503962,-0.006909
2.109656,0.866128,-0.390937,0.653871,0.647781
4.898237,1.854793,0.177378,-0.943413,-0.280194
3.226448,1.711196,-0.986597,-0.083920,-0.139939
4.594378,0.798443,-0.084332,-0.711289,0.697823
1.301404,0.245330,0.064641,0.234117,0.970057
4.539620,2.100356,-0.148364,-0.850181,-0.505153
4.746754,2.874670,0.009062,-0.263609,-0.964587
4.520888,2.999117,-0.027026,-0.139398,-0.989868
0.491055,2.593272,0.459661,0.245801,-0.853401
4.087996,3.026514,-0.067127,-0.093159,-0.993386
4.834349,1.200407,0.113408,-0.925262,0.361978
4.744266,2.397609,0.021584,-0.676881,-0.735776
2.507430,1.546477,-0.805330,0.592328,0.024317
0.951763,0.855804,0.438144,0.614982,0.655612
2.309243,0.636536,-0.400124,0.439578,0.804159
5.596287,0.243374,0.186328,-0.152815,0.970530
5.639984,1.391951,0.787417,-0.590194,0.177894
3.174966,1.863066,-0.957059,-0.031952,-0.288127
4.235603,1.971672,-0.422542,-0.818036,-0.390225
0.117571,1.325274,0.963314,0.113783,0.243063
1.975509,3.033852,-0.042341,0.098845,-0.994202
5.067651,2.808540,0.113718,-0.306514,-0.945049
4.444523,1.612801,-0.264441,-0.963487,-0.041992
0.722860,1.221114,0.704533,0.621498,0.342599
1.953650,2.296029,-0.279558,0.694167,-0.663310
1.051786,1.734141,0.489419,0.856752,-0.162619
4.434277,1.703244,-0.272136,-0.953154,-0.132061
1.754676,0.451714,-0.079814,0.429149,0.899700
1.457413,1.407228,0.111631,0.980317,0.162840
3.257738,0.141045,-0.139631,-0.016291,0.990070
3.835493,2.923491,-0.166341,-0.138381,-0.976310
3.915837,0.097669,-0.069717,-0.068179,0.995234
5.962477,2.894668,0.231960,-0.077052,-0.969669
5.287461,1.383896,0.534423,-0.824539,0.185814
0.072942,0.510536,0.487345,0.035611,0.872483
5.757596,1.551620,0.864869,-0.501631,0.019176
1.521346,0.884011,0.038224,0.772343,0.634055
2.533121,0.026449,-0.021699,0.015117,0.999650
3.828306,3.010299,-0.101242,-0.083001,-0.991393
4.929720,2.966757,0.037507,-0.169854,-0.984755
4.747878,2.488734,0.021553,-0.607077,-0.794350
5.545662,3.117676,0.017700,-0.016082,-0.999714
2.631453,0.179578,-0.155872,0.087217,0.983919
2.551449,0.531553,-0.421140,0.282065,0.862021
5.934639,2.504637,0.558989,-0.203126,-0.803910
3.560683,2.796055,-0.309391,-0.137828,-0.940894
6.158886,1.824905,0.960420,-0.119998,-0.251383
0.650517,0.044127,0.035104,0.026715,0.999027
2.054090,0.354665,-0.161379,0.307502,0.937763
4.892876,0.696714,0.115191,-0.631278,0.766955
0.772541,0.081807,0.058520,0.057034,0.996656
3.695788,2.639087,-0.409535,-0.253458,-0.876379
2.600469,1.765886,-0.840871,0.505328,-0.193855
4.598556,2.066195,-0.099931,-0.874085,-0.475383
5.577386,2.122355,0.648230,-0.552454,-0.524016
0.772259,2.323368,0.522878,0.509315,-0.683518
1.818178,0.767587,-0.170035,0.673261,0.719589
6.232811,2.099974,0.862127,-0.043466,-0.504824
5.415620,2.484383,0.395067,-0.465976,-0.791700
2.153468,2.379355,-0.379975,0.576599,-0.723293
3.960909,2.320250,-0.499794,-0.534902,-0.681239
5.161523,0.348142,0.148123,-0.307318,0.940008
0.251681,1.954169,0.898190,0.230955,-0.374051
2.169491,2.206179,-0.453582,0.664859,-0.593486
2.642753,0.035177,-0.030884,0.016825,0.999381
5.629093,0.031878,0.025294,-0.019393,0.999492
1.538753,0.683278,0.020227,0.631015,0.775507
5.862430,2.809900,0.297241,-0.133009,-0.945493
3.652748,2.603443,-0.447034,-0.250731,-0.858658
3.547676,2.995898,-0.133373,-0.057348,-0.989405
1.915093,2.902838,-0.079824,0.222614,-0.971633
3.275550,2.082590,-0.864057,-0.116444,-0.489742
1.652186,2.613340,-0.040977,0.502357,-0.863689
5.023049,0.532474,0.155187,-0.483365,0.861554
5.836784,1.643666,0.899613,-0.430577,-0.072806
1.255853,2.518504,0.180761,0.554844,-0.812080
2.286769,0.143261,-0.093709,0.107715,0.989756
0.950487,0.283080,0.162362,0.227277,0.960200
0.634753,2.454220,0.510918,0.376250,-0.772916
0.483362,2.564928,0.482768,0.253401,-0.838286
5.286241,2.771088,0.196566,-0.304085,-0.932145
2.548796,2.274488,-0.632369,0.425973,-0.647037
1.999431,1.999854,-0.377956,0.827092,-0.416014
4.227095,2.971452,-0.078983,-0.149771,-0.985561
4.399803,0.848050,-0.230638,-0.713648,0.661447
0.677231,0.558222,0.412785,0.331917,0.848198
6.274292,0.986597,0.834121,-0.007419,0.551532
1.672388,0.686091,-0.064250,0.630251,0.773728
0.840195,0.032793,0.021879,0.024419,0.999462
1.917679,1.293238,-0.326956,0.904444,0.274008
2.107169,0.643730,-0.306706,0.515898,0.799863
1.775844,1.849702,-0.195745,0.941218,-0.275304
0.234267,2.110907,0.834225,0.199086,-0.514231
3.864248,1.814065,-0.727967,-0.641905,-0.240876
4.272447,1.405985,-0.420116,-0.892516,0.164066
3.398788,0.377707,-0.356659,-0.093809,0.929513
6.175957,0.063391,0.062984,-0.006780,0.997991
0.822384,0.513305,0.334154,0.359834,0.871126
3.612107,1.845627,-0.857884,-0.436332,-0.271384
6.140475,1.261490,0.942862,-0.135477,0.304398
0.012392,0.728966,0.666048,0.008254,0.745863
0.031283,1.171518,0.920891,0.028818,0.388753
1.411145,2.199448,0.128582,0.798535,-0.588055
4.031953,1.035704,-0.541193,-0.668649,0.509920
1.585359,0.273680,-0.003936,0.270248,0.962783
6.199189,1.445375,0.988647,-0.083239,0.125093
0.137235,1.839661,0.955009,0.131889,-0.265637
1.924197,0.442444,-0.148178,0.401690,0.903708
2.778061,0.655169,-0.569474,0.216651,0.792945
0.918119,1.513946,0.606335,0.793177,0.056819
1.105601,0.254920,0.113122,0.225371,0.967683
5.906383,1.332658,0.903605,-0.357565,0.235894
5.733374,3.010419,0.111521,-0.068345,-0.991409
4.415291,2.572609,-0.157725,-0.515172,-0.842449
2.615687,0.879819,-0.666489,0.386851,0.637291
4.957609,2.281584,0.183983,-0.735177,-0.652431
1.025802,0.393122,0.198591,0.327578,0.923718
5.246041,1.634095,0.507662,-0.859231,-0.063256
3.939704,1.393129,-0.687072,-0.704768,0.176734
4.474748,3.068487,-0.017194,-0.070988,-0.997329
1.000762,0.955430,0.440667,0.687450,0.577257
5.150934,2.626112,0.209319,-0.446305,-0.870056
5.025719,2.293780,0.231120,-0.713327,-0.661625
0.028839,0.411041,0.399398,0.011521,0.916705
5.720809,3.134917,0.005648,-0.003560,-0.999978
0.990089,2.448322,0.350596,0.534299,-0.769160
4.150670,1.578202,-0.532627,-0.846318,-0.007406
5.820854,2.513240,0.526101,-0.262186,-0.808997
0.694306,1.296947,0.739862,0.616009,0.270439
4.260057,0.819605,-0.319440,-0.657372,0.682510
5.703633,1.331720,0.812909,-0.532073,0.236806
3.400707,2.894640,-0.236290,-0.062634,-0.969662
5.896573,0.588430,0.514088,-0.209285,0.831813
3.429978,2.743316,-0.371815,-0.110301,-0.921731
3.208660,1.655095,-0.994209,-0.066779,-0.084199
5.711127,0.134519,0.112761,-0.072604,0.990966
3.411238,1.753738,-0.947781,-0.261944,-0.181923
4.070100,0.817262,-0.436857,-0.583950,0.684221
5.550600,1.974624,0.683648,-0.614999,-0.392941
2.440824,0.154264,-0.117444,0.099076,0.988125
1.358236,0.532518,0.107107,0.496278,0.861531
5.429145,2.815726,0.210307,-0.241359,-0.947374
5.394403,0.133782,0.084079,-0.103546,0.991065
5.943131,2.835265,0.284291,-0.100581,-0.953448
1.984405,1.079321,-0.354345,0.807295,0.471927
3.172090,2.518175,-0.583542,-0.017802,-0.811888
0.112703,1.934126,0.928788,0.105123,-0.355389
4.465923,0.572912,-0.132256,-0.525700,0.840326
1.058950,0.003558,0.001743,0.003102,0.999994
2.766117,2.817916,-0.295897,0.116635,-0.948072
4.563368,2.396310,-0.100689,-0.670663,-0.734896
3.347767,0.932269,-0.785968,-0.164382,0.596013
0.950720,0.134598,0.077979,0.109210,0.990955
4.015587,1.856662,-0.615724,-0.735776,-0.281988
1.990751,2.736917,-0.160527,0.359509,-0.919230
2.370528,2.878330,-0.186630,0.181356,-0.965546
1.580147,1.999249,-0.008505,0.909570,-0.415464
2.010041,2.568972,-0.230420,0.490402,-0.840484
5.447136,1.912038,0.631744,-0.699216,-0.334657
6.280454,0.439808,0.425764,-0.001163,0.904833
3.421424,3.024816,-0.111979,-0.032180,-0.993189
5.257782,0.912796,0.410447,-0.676430,0.611536
2.824879,2.797991,-0.320125,0.104920,-0.941548
0.984488,0.353396,0.191486,0.288286,0.938203
1.880118,1.867141,-0.291143,0.911019,-0.292026
1.363919,0.462978,0.091737,0.437091,0.894727
2.446040,2.400249,-0.518412,0.432726,-0.737562
5.044971,3.058751,0.027016,-0.078213,-0.996571
3.214435,1.420151,-0.986053,-0.071954,0.150076
1.959240,0.070245,-0.026583,0.064958,0.997534
1.315775,0.389793,0.095860,0.367707,0.924988
4.292022,0.961310,-0.334615,-0.748557,0.572446
2.610756,2.218790,-0.687575,0.403636,-0.603588
0.845129,3.089969,0.034244,0.038600,-0.998668
1.903068,2.630112,-0.159661,0.462697,-0.872020
2.697442,1.042585,-0.779909,0.371128,0.503989
0.118050,2.865140,0.271045,0.032146,-0.962030
0.403962,0.634443,0.545021,0.232981,0.805402
5.814460,1.005831,0.753512,-0.381551,0.535387
6.155486,2.564609,0.541057,-0.069471,-0.838112
2.842496,1.797979,-0.931049,0.287086,-0.225233
4.503291,2.566643,-0.112879,-0.531948,-0.839220
6.091970,1.881886,0.934649,-0.180930,-0.306096
5.046282,1.919212,0.308032,-0.888007,-0.341409
1.410001,1.801775,0.155851,0.960886,-0.228930
5.419194,2.265700,0.498820,-0.584106,-0.640312
2.116230,0.340443,-0.173226,0.285456,0.942607
2.606573,1.860172,-0.824491,0.488659,-0.285354
5.751291,1.936126,0.804971,-0.473697,-0.357257
3.815003,2.328102,-0.568053,-0.453204,-0.686966
0.381474,2.025308,0.833890,0.334492,-0.439024
0.920494,2.340079,0.434944,0.571783,-0.695620
0.409394,0.858045,0.694045,0.301153,0.653917
5.618164,2.434949,0.510924,-0.400658,-0.760546
4.539938,0.703062,-0.110947,-0.636966,0.762866
0.054812,0.962624,0.819461,0.044961,0.571368
5.122689,2.854736,0.112860,-0.259455,-0.959138
5.042887,1.586783,0.324473,-0.945760,-0.015986
1.523017,1.360293,0.046707,0.976810,0.208952
1.773493,1.505929,-0.200888,0.977467,0.064822
2.919498,1.422893,-0.964788,0.217869,0.147365
3.624354,2.539333,-0.501764,-0.262988,-0.824057
4.337204,2.749180,-0.140135,-0.355817,-0.923989
3.817727,2.379079,-0.538777,-0.432254,-0.723102
6.207288,0.390851,0.379878,-0.028887,0.924585
3.622276,2.886415,-0.223813,-0.116714,-0.967619
2.336626,0.586725,-0.383745,0.399066,0.832758
2.475185,2.262313,-0.605476,0.476161,-0.637706
0.225140,1.648585,0.971815,0.222568,-0.077710
0.417040,0.988460,0.763598,0.338295,0.549977
5.148822,2.929362,0.089040,-0.190897,-0.977563
2.694985,0.616380,-0.521385,0.249680,0.815976
5.858134,0.741207,0.615100,-0.278422,0.737654
5.086709,2.114529,0.312908,-0.796526,-0.517334
0.213670,2.037458,0.872766,0.189375,-0.449907
3.028555,1.029319,-0.851479,0.096661,0.515403
3.675062,1.997391,-0.783881,-0.462950,-0.413773
0.831504,3.027444,0.076743,0.084167,-0.993492
1.199825,2.228692,0.286855,0.737454,-0.611453
4.565524,2.499193,-0.087674,-0.592669,-0.800660
1.044562,0.926949,0.401720,0.691584,0.600277
0.142112,2.352076,0.702855,0.100562,-0.704189
6.091766,2.032783,0.878819,-0.170308,-0.445727
6.114878,1.881638,0.938623,-0.159486,-0.305861
1.301323,1.322168,0.258038,0.934272,0.246075
1.877423,2.305523,-0.223972,0.707404,-0.670385
1.237226,2.893407,0.080429,0.232105,-0.969360
4.240483,0.299006,-0.133907,-0.262374,0.955630
1.407834,0.704855,0.105121,0.639339,0.761706
3.233054,2.426166,-0.653198,-0.059909,-0.754813
2.548562,0.684856,-0.524552,0.353524,0.774510
6.223591,1.093265,0.886556,-0.052897,0.459588
0.453202,0.424470,0.370263,0.180322,0.911257
1.041043,1.282410,0.484453,0.827296,0.284405
6.225041,0.981760,0.830071,-0.048318,0.555560
5.695848,0.215303,0.177841,-0.118390,0.976912
2.241534,0.964509,-0.510782,0.643744,0.569820
3.501944,2.673241,-0.422423,-0.159171,-0.892314
0.006803,0.189975,0.188830,0.001285,0.982009
4.918918,1.697988,0.203407,-0.970842,-0.126849
2.983908,2.655087,-0.461739,0.073419,-0.883972
3.033708,1.044610,-0.859701,0.093110,0.502239
3.625482,2.343799,-0.633636,-0.333017,-0.698288
4.829541,0.062095,0.007253,-0.061630,0.998073
4.855619,0.487505,0.066863,-0.463626,0.883504
3.876194,1.848943,-0.713576,-0.644529,-0.274574
1.271423,0.263579,0.076838,0.248950,0.965464
4.266716,2.753786,-0.163011,-0.341221,-0.925741
3.493258,1.189651,-0.871431,-0.319743,0.371983
2.374601,1.817469,-0.698208,0.672966,-0.244179
2.517552,3.110925,-0.024883,0.017917,-0.999530
1.170177,1.409638,0.384935,0.908888,0.160462
5.904645,0.736381,0.624064,-0.248204,0.740904
4.035396,1.940896,-0.584036,-0.726684,-0.361709
5.392769,1.870024,0.601135,-0.742792,-0.294782
3.178474,1.290072,-0.960202,-0.035430,0.277052
0.103978,1.367258,0.974068,0.101648,0.202136
2.434352,1.472781,-0.756509,0.646621,0.097858
4.283615,1.218121,-0.390167,-0.853500,0.345410
1.356382,1.590185,0.212735,0.976918,-0.019388
1.382278,0.422070,0.076770,0.402392,0.912243
2.456186,0.056558,-0.043762,0.035782,0.998401
3.478747,0.654093,-0.574185,-0.201274,0.793600
4.884218,2.502387,0.102003,-0.587773,-0.802570
2.757380,1.407445,-0.914752,0.369839,0.162625
4.344730,1.825312,-0.347853,-0.903110,-0.251777
3.379134,0.452376,-0.424830,-0.102856,0.899411
2.170194,1.139905,-0.512579,0.750204,0.417681
0.788524,1.750639,0.693524,0.697874,-0.178875
1.661974,2.750496,-0.034709,0.379619,-0.924491
5.637278,1.856429,0.766200,-0.577535,-0.281765
4.138366,2.317969,-0.398363,-0.616032,-0.679567
4.980281,2.626731,0.130342,-0.474851,-0.870361
0.116149,0.289253,0.283315,0.033056,0.958457
4.508580,1.699013,-0.200740,-0.971264,-0.127866
2.460719,1.464352,-0.772625,0.625909,0.106244
1.371061,2.687234,0.087079,0.430161,-0.898543
4.686255,2.193237,-0.021230,-0.812180,-0.583020
2.970097,1.024393,-0.841865,0.145808,0.519618
5.481390,2.764580,0.256014,-0.264551,-0.929769
2.489770,1.518886,-0.793909,0.605819,0.051887
5.339851,2.407118,0.393468,-0.542539,-0.742183
0.095985,3.006315,0.134244,0.012925,-0.990864
0.438854,1.164698,0.831615,0.390345,0.395028
4.367677,0.788994,-0.239807,-0.667899,0.704559
4.637755,1.417551,-0.073691,-0.985530,0.152646
3.622217,2.436715,-0.574533,-0.299564,-0.761691
2.495534,1.589537,-0.798323,0.601938,-0.018740
5.329936,0.587537,0.320967,-0.451932,0.832308
2.654182,2.204396,-0.712053,0.377436,-0.592050
2.439847,1.953793,-0.708384,0.598781,-0.373702
1.736314,1.808602,-0.160126,0.958575,-0.235570
1.830221,0.634418,-0.152045,0.572876,0.805416
0.606443,0.806220,0.592987,0.411318,0.692231
0.023929,2.851335,0.286117,0.006848,-0.958170
2.829475,0.234709,-0.221324,0.071413,0.972582
0.450043,0.140125,0.125760,0.060755,0.990199
5.966814,0.552106,0.498452,-0.163177,0.851422
4.219724,1.445134,-0.469246,-0.874128,0.125332
2.163233,2.313765,-0.411229,0.610957,-0.676478
0.893555,0.403162,0.245851,0.305744,0.919825
6.073316,2.877361,0.255437,-0.054410,-0.965294
4.740530,2.598689,0.014536,-0.516419,-0.856212
5.171205,0.234017,0.102700,-0.207905,0.972743
1.968729,2.936014,-0.079105,0.188184,-0.978943
5.251162,0.452219,0.224198,-0.375062,0.899480
2.470288,1.901600,-0.740557,0.588284,-0.324804
3.356653,2.480621,-0.599743,-0.131007,-0.789396
4.765017,2.327236,0.038258,-0.726278,-0.686336
4.125443,1.459787,-0.550412,-0.827511,0.110782
4.397601,1.147511,-0.282290,-0.866943,0.410758
3.618447,1.192674,-0.825683,-0.426563,0.369176
3.304248,1.797421,-0.961569,-0.157798,-0.224689
5.212960,0.433372,0.201537,-0.368411,0.907555
4.620505,0.109609,-0.010037,-0.108928,0.993999
1.281002,1.980656,0.262088,0.878933,-0.398480
3.605127,1.012922,-0.758859,-0.379322,0.529384
1.137043,1.423019,0.415699,0.897505,0.147241
3.844864,2.186382,-0.622720,-0.528002,-0.577436
4.562219,2.529149,-0.086004,-0.568399,-0.818246
2.005454,1.423859,-0.416563,0.897240,0.146409
1.101703,2.415708,0.300088,0.592093,-0.747912
3.459917,1.160333,-0.870870,-0.286979,0.399034
2.480274,1.473274,-0.785433,0.611240,0.097368
0.907175,0.429562,0.256536,0.328084,0.909148
4.874818,2.000267,0.147030,-0.897219,-0.416389
3.606267,2.227727,-0.707906,-0.354862,-0.610689
0.493025,1.092253,0.781950,0.420126,0.460487
2.651159,2.987804,-0.135127,0.072151,-0.988198
0.731970,1.428849,0.736378,0.661614,0.141471
1.604120,1.813552,-0.032341,0.970140,-0.240379
1.441284,0.000466,0.000060,0.000462,1.000000
5.887270,0.450270,0.401542,-0.167839,0.900330
4.232331,2.513541,-0.271357,-0.521155,-0.809174
4.907850,1.139013,0.176393,-0.890927,0.418491
2.900275,2.758397,-0.363053,0.089352,-0.927474
1.546289,2.376391,0.016974,0.692474,-0.721243
1.203676,2.546922,0.201085,0.522904,-0.828333
4.144713,2.741175,-0.209587,-0.328663,-0.920898
0.793101,1.945473,0.652964,0.663101,-0.365972
0.448680,2.225149,0.714908,0.344177,-0.608645
1.450444,0.512270,0.058849,0.486612,0.871634
3.577425,0.917967,-0.720110,-0.335354,0.607436
5.190315,0.991124,0.384804,-0.742897,0.547750
5.119837,0.659674,0.242856,-0.562688,0.790192
5.704272,1.282930,0.802615,-0.524602,0.283907
5.417514,0.885922,0.501975,-0.589804,0.632575
3.778518,1.901912,-0.760259,-0.562421,-0.325098
4.836137,2.319644,0.090411,-0.726873,-0.680795
2.708749,2.894023,-0.222449,0.102786,-0.969511
0.511668,2.295347,0.652898,0.366635,-0.662799
5.827415,0.286911,0.254104,-0.124560,0.959123
6.019725,0.183671,0.176338,-0.047564,0.983180
2.722429,2.771781,-0.330150,0.147105,-0.932395
6.278691,1.714219,0.989723,-0.004448,-0.142932
1.834106,0.793615,-0.185550,0.688323,0.701273
2.823643,1.136553,-0.861719,0.283605,0.420724
4.904452,2.814919,0.061254,-0.314994,-0.947115
6.146252,1.468000,0.985410,-0.135785,0.102615
5.661100,1.839705,0.783459,-0.561788,-0.265679
4.742821,2.656569,0.014186,-0.466014,-0.884664
5.610166,0.148201,0.115461,-0.092043,0.989038
4.362122,1.240247,-0.324572,-0.888432,0.324563
4.720497,2.611199,0.004102,-0.505856,-0.862608
6.058783,2.729838,0.390184,-0.089058,-0.916420
5.528634,1.410186,0.719202,-0.676146,0.159920
5.145202,2.997496,0.060229,-0.130358,-0.989636
2.318611,0.736091,-0.456575,0.492252,0.741099
3.141256,1.054992,-0.869896,0.000293,0.493235
3.674872,1.235927,-0.813311,-0.480122,0.328645
5.057239,2.905063,0.079217,-0.220535,-0.972157
3.981366,1.807597,-0.649000,-0.723716,-0.234594
2.864842,0.560801,-0.511626,0.145322,0.846829
5.669526,2.882138,0.209745,-0.147740,-0.966530
0.293514,1.013950,0.812620,0.245609,0.528511
2.978192,2.998503,-0.140702,0.023198,-0.989780
2.102020,1.660718,-0.504542,0.858704,-0.089800
3.552330,1.208952,-0.857458,-0.373430,0.354000
4.473485,1.537265,-0.236504,-0.971052,0.033525
5.572317,0.563398,0.404710,-0.348471,0.845445
2.255558,1.155690,-0.578773,0.708788,0.403287
0.786353,1.216963,0.662669,0.663936,0.346496
1.612075,1.707626,-0.040881,0.989810,-0.136403
2.057703,2.687467,-0.205254,0.387696,-0.898645
3.410358,1.587808,-0.963960,-0.265503,-0.017011
4.412422,2.476974,-0.182245,-0.589218,-0.787152
4.100294,1.922067,-0.539497,-0.768469,-0.344091
0.078774,2.815829,0.319040,0.025184,-0.947407
3.481209,1.609049,-0.942193,-0.332881,-0.038243
4.423627,1.034889,-0.244843,-0.824208,0.510621
4.787388,2.275361,0.057088,-0.759752,-0.647703
5.227616,2.723409,0.200099,-0.353382,-0.913828
4.263819,1.284213,-0.415990,-0.864318,0.282677
6.061055,2.624518,0.482193,-0.108907,-0.869269
5.491408,0.829362,0.518154,-0.524808,0.675347
5.707389,0.150969,0.126146,-0.081891,0.988626
5.536420,0.891198,0.570838,-0.528352,0.628481
4.907169,1.929089,0.181260,-0.918788,-0.350676
1.104398,0.644417,0.270132,0.536571,0.799450
4.989273,1.183156,0.253077,-0.890542,0.378005
5.204259,2.941667,0.093792,-0.175053,-0.980081
3.990302,2.044629,-0.588132,-0.667750,-0.456300
5.241011,0.681983,0.317905,-0.544295,0.776325
3.329268,0.054234,-0.053255,-0.010114,0.998530
4.121886,0.612959,-0.320310,-0.477871,0.817949
2.817804,0.417181,-0.384130,0.128914,0.914235
5.349343,3.008397,0.078984,-0.106761,-0.991143
0.431124,2.535553,0.517495,0.238038,-0.821910
0.433580,1.526951,0.906596,0.419718,0.043831
3.943908,2.733976,-0.275531,-0.285015,-0.918068
1.056776,1.351365,0.479892,0.849895,0.217674
1.280940,2.262744,0.220078,0.737884,-0.638038
0.911107,0.789486,0.435133,0.561023,0.704211
5.502511,1.324277,0.688961,-0.682482,0.244030
1.085825,2.871231,0.124508,0.236283,-0.963674
1.901196,2.203275,-0.261667,0.762940,-0.591146
6.261372,2.731476,0.398621,-0.008697,-0.917074
6.212122,1.594823,0.997188,-0.070983,-0.024024
4.582724,0.368595,-0.046588,-0.357280,0.932835
5.237100,3.132832,0.004389,-0.007582,-0.999962
3.711550,1.909168,-0.794184,-0.508999,-0.331951
6.209088,0.795411,0.712192,-0.052868,0.699991
4.126557,1.279747,-0.529640,-0.798208,0.286958
4.260940,1.011936,-0.369896,-0.762918,0.530220
3.181619,2.363242,-0.701543,-0.028096,-0.712073
4.200423,0.532688,-0.248792,-0.442736,0.861445
2.237887,0.660234,-0.379452,0.481825,0.789849
4.795654,1.294471,0.080014,-0.958731,0.272823
1.185446,0.094716,0.035549,0.087639,0.995518
2.504923,1.461416,-0.799275,0.590968,0.109162
5.659607,2.818804,0.257511,-0.185234,-0.948355
3.197103,2.611384,-0.504934,-0.028058,-0.862702
0.943263,0.908766,0.463112,0.638473,0.614720
0.996837,2.801988,0.180868,0.279735,-0.942887
1.662523,2.810047,-0.029816,0.324136,-0.945540
2.251061,1.140157,-0.571571,0.706428,0.417452
5.009069,0.597737,0.164525,-0.538187,0.826612
5.495393,0.136471,0.095970,-0.096430,0.990702
3.379441,0.598884,-0.547851,-0.132820,0.825965
4.706304,1.785618,-0.005945,-0.976996,-0.213173
4.442367,0.745355,-0.180920,-0.653657,0.734847
3.647153,0.468095,-0.394745,-0.218509,0.892429
2.442828,1.363147,-0.749190,0.629454,0.206160
3.817665,3.051946,-0.069834,-0.056020,-0.995984
1.708081,2.912355,-0.031098,0.225097,-0.973840
1.254823,3.092448,0.015265,0.046693,-0.998793
4.931148,1.976644,0.199390,-0.896872,-0.394798
5.184929,2.155793,0.379465,-0.742352,-0.552196
4.187393,2.441436,-0.322948,-0.557562,-0.764742
5.915247,2.133739,0.789087,-0.304187,-0.533677
4.218641,2.152307,-0.396032,-0.735828,-0.549287
5.762059,1.753633,0.852803,-0.489559,-0.181820
3.802504,2.798771,-0.265365,-0.206338,-0.941810
5.556224,1.123941,0.673830,-0.599345,0.432131
5.842735,2.529947,0.519413,-0.244815,-0.818704
5.308178,0.889195,0.435779,-0.642767,0.630038
3.245812,2.783504,-0.348583,-0.036461,-0.936568
6.260507,2.832849,0.303783,-0.006891,-0.952716
5.724073,0.578302,0.463370,-0.289937,0.837392
0.323803,2.449595,0.604917,0.203020,-0.769973
2.655706,0.047376,-0.041878,0.022116,0.998878
3.406441,1.477763,-0.960958,-0.260631,0.092900
5.815026,1.650954,0.889535,-0.449796,-0.080072
6.081415,2.725177,0.396279,-0.081060,-0.914545
2.851693,2.288539,-0.721859,0.215333,-0.657686
0.342793,1.202938,0.878811,0.313633,0.359618
5.557390,1.302008,0.721115,-0.639898,0.265564
3.865056,0.507736,-0.364416,-0.321857,0.873848
5.448180,1.577320,0.671160,-0.741284,-0.006524
5.497065,2.085910,0.614906,-0.615795,-0.492633
5.828149,2.933977,0.185153,-0.090592,-0.978525
2.994430,3.074833,-0.065989,0.009782,-0.997772
6.270006,1.321711,0.969054,-0.012773,0.246518
0.086788,1.814951,0.966690,0.084109,-0.241736
5.598251,0.908052,0.610513,-0.498700,0.615282
4.345328,1.101794,-0.320122,-0.832599,0.451997
5.966463,0.371075,0.344582,-0.112939,0.931938
2.575429,1.594260,-0.843733,0.536250,-0.023462
2.017074,2.427119,-0.282800,0.591047,-0.755438
3.269227,1.234898,-0.936435,-0.120175,0.329618
0.398256,0.825809,0.677567,0.285079,0.677962
3.520593,2.332159,-0.672525,-0.267836,-0.689908
5.394827,1.070977,0.553534,-0.681104,0.479267
0.858650,1.538337,0.653116,0.756562,0.032454
4.614667,1.570841,-0.097567,-0.995229,-0.000045
2.620587,3.106766,-0.030199,0.017331,-0.999394
3.618384,2.928311,-0.188061,-0.097141,-0.977342
0.923575,1.277624,0.577245,0.763723,0.288991
5.124584,3.031293,0.044099,-0.100857,-0.993923
5.386165,1.951594,0.579247,-0.725493,-0.371661
3.239553,0.239699,-0.236272,-0.023219,0.971410
0.680540,0.551409,0.407183,0.329637,0.851787
2.757100,2.470058,-0.576762,0.233376,-0.782868
3.947893,2.404484,-0.465245,-0.485112,-0.740415
4.030207,2.024912,-0.566588,-0.697530,-0.438668
